{
    "MAE": 770.7407597111405,
    "RMSE": 1136.99376268698,
    "R2": 0.862220894002356,
    "MAPE": 10.724341136971313
}